type,carpark,period,day_of_week,Means,Covariances,Weights
red,CP3,Exam,Friday,"[12.999999999999972, 10.999999999999988, 15.999999999999964, 9.999999999999979]","[1e-06, 1e-06, 1e-06, 1e-06]","[0.2000000000000001, 0.39999999999999974, 0.2000000000000001, 0.2000000000000001]"
red,CP3,Exam,Monday,"[16.99999999999996, 11.999999999999973, 5.999999999999987, 13.99999999999997, 12.999999999999972]","[1e-06, 1e-06, 1e-06, 1e-06, 1e-06]","[0.2, 0.2, 0.2, 0.2, 0.2]"
red,CP3,Exam,Saturday,"[8.99999999999999, 5.999999999999987, 1.9999999999999956, 10.999999999999975, 6.999999999999985]","[1e-06, 1e-06, 1e-06, 1e-06, 1e-06]","[0.3333333333333331, 0.16666666666666674, 0.16666666666666674, 0.16666666666666674, 0.16666666666666674]"
red,CP3,Exam,Sunday,"[1.9999999999999956, 0.9999999999999992, 2.999999999999997]","[1e-06, 1e-06, 1e-06]","[0.16666666666666685, 0.4999999999999998, 0.3333333333333333]"
red,CP3,Exam,Thursday,"[13.99999999999997, 9.999999999999993, 5.999999999999987]","[1e-06, 1e-06, 1e-06]","[0.20000000000000015, 0.5999999999999996, 0.20000000000000015]"
red,CP3,Exam,Tuesday,"[9.999999999999979, 2.9999999999999933, 16.99999999999996, 6.999999999999985, 10.999999999999975]","[1e-06, 1e-06, 1e-06, 1e-06, 1e-06]","[0.2, 0.2, 0.2, 0.2, 0.2]"
red,CP3,Exam,Wednesday,"[10.999999999999988, 5.999999999999987, 11.999999999999988]","[1e-06, 1e-06, 1e-06]","[0.39999999999999986, 0.20000000000000015, 0.39999999999999986]"
red,CP3,Holiday,Friday,[10.499999999999998],[19.833334333333333],[1.0]
red,CP3,Holiday,Monday,"[2.0000000565850287, 9.999999999999995, 20.999999999999954, 14.485460837177165, 8.630776655313166, 11.83990001104406]","[0.6666679420491167, 1e-06, 1e-06, 0.2785466542639297, 0.4967568111052809, 0.48912136605844864]","[0.1250000014146155, 0.16658425200270532, 0.04166666666666674, 0.08335068520399737, 0.3341289268140741, 0.249269467897941]"
red,CP3,Holiday,Saturday,"[14.999999999999966, 5.898195104382927, 36.999999999999915, 2.2854122243468953, 18.999999999999957, 10.251569104224261]","[1e-06, 0.7097361030602933, 1e-06, 0.4930638953427785, 1e-06, 0.6889537068352249]","[0.04166666665093149, 0.41748541542648293, 0.041666666666666734, 0.2911465986586588, 0.041666666666666734, 0.16636798593059332]"
red,CP3,Holiday,Sunday,"[2.6526047770935173, 8.499999981304477, 5.999999999999994, 0.9999999999999996, 13.99999999999997, 4.306135754165531]","[0.2787454172456915, 0.2500010449549008, 1e-06, 1e-06, 1e-06, 0.27074086560079264]","[0.3214008614779856, 0.08000000059679474, 0.07999796858844216, 0.2399958567621016, 0.040000000000000056, 0.2386053125746758]"
red,CP3,Holiday,Thursday,"[10.176216145547336, 16.27603319261919, 4.790660060255338, 23.999999999999947, 12.999999999999993]","[3.1356593207027754, 4.2848891845774455, 3.3371579431202694, 1e-06, 1e-06]","[0.2890934727269223, 0.15750239618431874, 0.3034728078242855, 0.04166659195109802, 0.2082647313133755]"
red,CP3,Holiday,Tuesday,"[13.999999999999984, 8.397452415191868, 19.666664645765326, 11.199553469762543, 5.500002369650959, 15.999999999999964]","[1e-06, 0.2525928290442588, 0.8888968091202999, 0.6669060246342114, 0.2500196850767851, 1e-06]","[0.08333213151332414, 0.2051117619165716, 0.125000068893366, 0.3782240595021748, 0.1666653804105611, 0.04166659776400238]"
red,CP3,Holiday,Wednesday,[10.541666666666664],[20.248264888888887],[1.0]
red,CP3,School,Friday,"[14.348479848080506, 23.500000983749068, 4.499999999999995, 18.749934017994043, 8.99999999999999, 12.28309955992886]","[0.3025968781647332, 0.25000100035389516, 0.2500009999999997, 0.6877685896032326, 1e-06, 0.7159563790028581]","[0.275009639470068, 0.07142843059885545, 0.07142857142857147, 0.1428599555909397, 0.07142836331148708, 0.36784503960007825]"
red,CP3,School,Monday,[13.740740740740739],[20.117970821673524],[1.0]
red,CP3,School,Saturday,"[2.2879553680791695, 8.952046622157122, 25.999999999999943]","[0.9351933679708914, 4.288697862375354, 1e-06]","[0.1851662455125804, 0.7748337544874195, 0.04000000000000007]"
red,CP3,School,Sunday,"[3.999999999999998, 1.9999999999999993, 6.4999666234049025, 0.9999999999999996, 2.9999999999999982, 4.999999999999995]","[1e-06, 1e-06, 0.2500455209386781, 1e-06, 1e-06, 1e-06]","[0.18181818113888648, 0.27272727272727265, 0.0909111133251676, 0.18181818181818177, 0.1818181818181776, 0.09090706917231378]"
red,CP3,School,Thursday,"[17.8020603625429, 12.99999999999999, 20.976739619538517, 14.624895193147045, 11.800033889773246, 15.999999999999982]","[0.5938595962021512, 1e-06, 0.5550782622664823, 0.2345316844123571, 0.16003797476382392, 1e-06]","[0.18447900224503977, 0.11110376536218886, 0.14899377618114448, 0.2961852160068821, 0.1851902944804117, 0.07404794572433322]"
red,CP3,School,Tuesday,"[12.000495044298452, 16.71030181751432, 1.4999999999999984, 13.99999999999999, 14.999999999999995]","[1.0044348887475356, 1.0747347352800642, 0.2500009999999997, 1e-06, 1e-06]","[0.29616058126961214, 0.25951099344931194, 0.07407407407407411, 0.185136622189284, 0.18511772901771784]"
red,CP3,School,Wednesday,"[20.220927455459957, 12.999999999999993, 17.211301655475612, 11.16711807516557, 15.07269623938587]","[0.7616594096896471, 1e-06, 0.39054097755470957, 0.47334359838206846, 0.2755532120302082]","[0.1493344581058141, 0.14813855736526307, 0.12135240552243283, 0.222260898838232, 0.35891368016825786]"
red,CP3A,Exam,Friday,"[26.99999999999994, 16.99999999999996, 12.999999999999972, 20.999999999999954, 15.999999999999964]","[1e-06, 1e-06, 1e-06, 1e-06, 1e-06]","[0.2, 0.2, 0.2, 0.2, 0.2]"
red,CP3A,Exam,Monday,"[21.999999999999975, 41.99999999999991, 7.999999999999982, 27.99999999999994]","[1e-06, 1e-06, 1e-06, 1e-06]","[0.39999999999999974, 0.2000000000000001, 0.2000000000000001, 0.2000000000000001]"
red,CP3A,Exam,Saturday,"[7.999999999999982, 16.99999999999996, 14.999999999999966, 8.99999999999998, 12.999999999999972, 9.999999999999979]","[1e-06, 1e-06, 1e-06, 1e-06, 1e-06, 1e-06]","[0.16666666666666669, 0.16666666666666669, 0.16666666666666669, 0.16666666666666669, 0.16666666666666669, 0.16666666666666669]"
red,CP3A,Exam,Sunday,"[11.999999999999973, 3.999999999999997, 1.9999999999999956, 4.999999999999989]","[1e-06, 1e-06, 1e-06, 1e-06]","[0.1666666666666668, 0.4999999999999996, 0.1666666666666668, 0.1666666666666668]"
red,CP3A,Exam,Thursday,"[36.999999999999915, 12.999999999999972, 31.99999999999993, 14.999999999999966, 37.999999999999915]","[1e-06, 1e-06, 1e-06, 1e-06, 1e-06]","[0.2, 0.2, 0.2, 0.2, 0.2]"
red,CP3A,Exam,Tuesday,"[38.99999999999996, 7.999999999999982, 19.999999999999957, 40.99999999999991]","[1e-06, 1e-06, 1e-06, 1e-06]","[0.39999999999999974, 0.2000000000000001, 0.2000000000000001, 0.2000000000000001]"
red,CP3A,Exam,Wednesday,"[22.99999999999995, 41.99999999999991, 28.999999999999936, 25.999999999999943, 23.999999999999947]","[1e-06, 1e-06, 1e-06, 1e-06, 1e-06]","[0.2, 0.2, 0.2, 0.2, 0.2]"
red,CP3A,Holiday,Friday,[17.499999999999996],[31.83333433333333],[1.0]
red,CP3A,Holiday,Monday,[17.833333333333332],[61.72222322222222],[1.0]
red,CP3A,Holiday,Saturday,"[7.181209472839122, 21.99999999999995, 11.999999999999991, 14.995881638675293, 4.999999999999997, 9.99999999999999]","[0.8757616139499208, 1e-06, 1e-06, 2.821812407188269, 1e-06, 1e-06]","[0.422993760385289, 0.03846151923045987, 0.11536125857647826, 0.19245033401388892, 0.15381626816909758, 0.07691685962478632]"
red,CP3A,Holiday,Sunday,"[6.9999999999999964, 3.4998829824857745, 15.999999999999964, 10.497743197054215]","[1e-06, 0.9646459956088337, 1e-06, 2.2619593732456917]","[0.22221138354008568, 0.518443454111224, 0.03703685281404731, 0.2223083095346431]"
red,CP3A,Holiday,Thursday,"[18.898830605656205, 24.999999999999986, 30.999999999999964, 13.513602754225378, 38.999999999999915, 23.060444896840913]","[2.332798381927857, 1e-06, 1e-06, 4.103353956850056, 1e-06, 0.49662728938766365]","[0.4124830203957302, 0.1666613154536958, 0.08333333333333337, 0.14328048688483902, 0.041666666666666734, 0.1525751772657348]"
red,CP3A,Holiday,Tuesday,[20.70833333333333],[26.956598222222222],[1.0]
red,CP3A,Holiday,Wednesday,"[20.7423312140103, 14.120330093309946, 29.999999999999964, 39.999999999999915, 25.634494662354044]","[1.6242247289214902, 2.416597544286221, 1e-06, 1e-06, 1.2588640913907008]","[0.37372519284710665, 0.17168917670556805, 0.08333318075618494, 0.04166666666666675, 0.3295857830244738]"
red,CP3A,School,Friday,[21.14285714285714],[47.1938785510204],[1.0]
red,CP3A,School,Monday,[22.407407407407405],[49.278464648834],[1.0]
red,CP3A,School,Saturday,"[14.105038975720262, 5.111827109541496, 8.998213706051896, 17.27240255152144, 6.999999999999992, 10.999999999999975]","[0.8651115990258096, 0.5461587736246059, 0.67350878437954, 0.7220794011601388, 1e-06, 1e-06]","[0.1251183273412231, 0.3599653014037776, 0.24008113444481094, 0.1548843346481614, 0.0799662813026686, 0.039984620859358486]"
red,CP3A,School,Sunday,"[3.428622679137524, 7.9999999999999964, 13.99999999999997, 5.999999999999997, 9.499966627804188, 6.999999999999985]","[0.8164448639166789, 1e-06, 1e-06, 1e-06, 0.25004552097823507, 1e-06]","[0.3043538373890546, 0.2608676304484882, 0.043478260869565286, 0.26086369211301985, 0.08695845545462591, 0.043478123725246245]"
red,CP3A,School,Thursday,"[20.68566823716747, 31.99999999999993, 6.499999999999997, 26.67921516285331, 41.99999999999991, 36.66666819446284]","[1.9177334779815367, 1e-06, 2.2500010000000485, 3.4706791865638746, 1e-06, 0.22222271295449]","[0.36201751116546527, 0.03703375034693097, 0.07407407407407414, 0.37872679165240924, 0.037037037037037104, 0.11111083572408323]"
red,CP3A,School,Tuesday,"[25.613382074057686, 5.314343558040161]","[20.998289436906592, 6.868965033851336]","[0.889501579007429, 0.11049842099257096]"
red,CP3A,School,Wednesday,[25.814814814814813],[20.224966706447187],[1.0]
red,CP4,Exam,Friday,"[9.999999999999979, 14.999999999999966, 5.999999999999987, 7.999999999999982, 4.999999999999989]","[1e-06, 1e-06, 1e-06, 1e-06, 1e-06]","[0.2, 0.2, 0.2, 0.2, 0.2]"
red,CP4,Exam,Monday,"[13.99999999999997, 5.999999999999987, 10.999999999999975, 2.9999999999999933, 8.99999999999998]","[1e-06, 1e-06, 1e-06, 1e-06, 1e-06]","[0.2, 0.2, 0.2, 0.2, 0.2]"
red,CP4,Exam,Saturday,"[7.999999999999982, 2.9999999999999933, 6.999999999999992, 4.999999999999989, 8.99999999999998]","[1e-06, 1e-06, 1e-06, 1e-06, 1e-06]","[0.16666666666666674, 0.16666666666666674, 0.3333333333333331, 0.16666666666666674, 0.16666666666666674]"
red,CP4,Exam,Sunday,"[5.999999999999994, 11.999999999999973, 3.999999999999991, 7.999999999999982, 6.999999999999985]","[1e-06, 1e-06, 1e-06, 1e-06, 1e-06]","[0.3333333333333331, 0.16666666666666674, 0.16666666666666674, 0.16666666666666674, 0.16666666666666674]"
red,CP4,Exam,Thursday,"[13.99999999999997, 7.999999999999982, 16.99999999999996, 9.999999999999979, 6.999999999999985]","[1e-06, 1e-06, 1e-06, 1e-06, 1e-06]","[0.2, 0.2, 0.2, 0.2, 0.2]"
red,CP4,Exam,Tuesday,"[10.999999999999975, 3.999999999999991, 12.999999999999972, 9.999999999999979, 4.999999999999989]","[1e-06, 1e-06, 1e-06, 1e-06, 1e-06]","[0.2, 0.2, 0.2, 0.2, 0.2]"
red,CP4,Exam,Wednesday,"[8.99999999999998, 2.9999999999999933, 12.999999999999972, 5.999999999999987, 7.999999999999982]","[1e-06, 1e-06, 1e-06, 1e-06, 1e-06]","[0.2, 0.2, 0.2, 0.2, 0.2]"
red,CP4,Holiday,Friday,[8.374999999999998],[9.484375999999997],[1.0]
red,CP4,Holiday,Monday,"[8.999999999999993, 12.143582095464836, 7.999999999999994, 14.44443141203008, 10.510210156657715, 6.666718561255095]","[1e-06, 0.14717450903986543, 1e-06, 0.32109722436954613, 0.2716376953810975, 0.22228378887297492]","[0.1304274044659054, 0.25782780571696334, 0.13042970376837335, 0.0902984200046474, 0.2605768076114826, 0.1304398584326279]"
red,CP4,Holiday,Saturday,"[5.700057979218545, 8.701342387487504, 0.9999999999999978, 12.999999999999972, 6.9999999999999964, 10.527611601201878]","[0.2100749306326485, 0.26325370683592164, 1e-06, 1e-06, 1e-06, 0.27155699753851614]","[0.3846315055029597, 0.23631583355377084, 0.03846153846153853, 0.038461536750657756, 0.2307524885228916, 0.07137709720818158]"
red,CP4,Holiday,Sunday,"[8.554766343191211, 3.0942312203727385, 15.999999999999982, 6.587148788380921, 12.999999999999986, 10.999999999999988]","[0.2625521835935706, 1.7449201471553315, 1e-06, 0.28262311458597567, 1e-06, 1e-06]","[0.3174235670512392, 0.14728969748474538, 0.0714285714285715, 0.32100102805630215, 0.07142857142857145, 0.07142856455057042]"
red,CP4,Holiday,Thursday,"[13.608829318487162, 7.999999999999996, 6.250297291201526, 10.772752974573098, 16.99999999999996, 2.999999999999993]","[1.1272818532357338, 1e-06, 0.6880695087614215, 0.27237216585864654, 1e-06, 1e-06]","[0.2818115830918412, 0.16664494219225703, 0.16669163957448074, 0.3015200888328144, 0.041665172769120976, 0.04166657353948561]"
red,CP4,Holiday,Tuesday,"[8.303796104140748, 13.999999999999991, 6.398508536900317, 12.60005943276906, 9.999999999999995, 15.333274502295925]","[0.25961873356927684, 1e-06, 0.24892867033772104, 0.24008854055047235, 1e-06, 0.22230655497705976]","[0.12710245396855166, 0.16665462336878517, 0.2062316857746406, 0.2083410483185081, 0.16666585992981245, 0.12500432863970218]"
red,CP4,Holiday,Wednesday,"[12.239039782680711, 14.55825149994003, 8.999999999999996, 17.66667962447748, 5.999999999999987, 9.999999999999995]","[0.18232721389030332, 0.2635479553612676, 1e-06, 0.22221950212659938, 1e-06, 1e-06]","[0.1642192565475649, 0.29411654427971, 0.16666666666666652, 0.1249975329599823, 0.041666666666666734, 0.20833333287940958]"
red,CP4,School,Friday,"[11.528824804177995, 5.7953090930730005, 8.702415581408129, 13.780440399254248, 9.999999999999996]","[0.2878753011683187, 0.7758172513672534, 0.2105818761085363, 0.17159385073238553, 1e-06]","[0.29132294837029543, 0.29148298531731337, 0.10137610834047099, 0.13725941142681825, 0.17855854654510192]"
red,CP4,School,Monday,"[6.999999999999992, 14.693048971499984, 11.999999999999996, 3.999999999999991, 8.847532190654118]","[1e-06, 9.117724249891868, 1e-06, 1e-06, 0.39489261090142697]","[0.07406487711144015, 0.5233604805673884, 0.2591419040859241, 0.03703668460507105, 0.10639605363017632]"
red,CP4,School,Saturday,[7.833333333333332],[13.888889888888889],[1.0]
red,CP4,School,Sunday,"[8.495393220430374, 13.376046052927844, 9.999999999999993, 14.999999999999984, 6.7805553748797465, 11.623954638408991]","[0.27475299125784414, 0.2826322099967414, 1e-06, 1e-06, 0.2249675953227499, 0.28265729556213587]","[0.17129364041380238, 0.21739423866581797, 0.1304260426598997, 0.08695294473158936, 0.17653830117079997, 0.21739483235809068]"
red,CP4,School,Thursday,"[10.815317385634978, 17.22062293483364, 4.9999999999999885, 11.999999999999998, 14.334749197578459, 8.568742938027242]","[0.1506658564045952, 2.6825386597757173, 1e-06, 1e-06, 0.9513542523484456, 0.33714450316804007]","[0.18124553419832617, 0.12764559857951335, 0.037037037036538864, 0.2592353302275189, 0.31721095437935276, 0.07762554557874984]"
red,CP4,School,Tuesday,"[12.714328570873468, 9.999999999999993, 16.199783533029905, 13.999999999999998, 8.999999999999993, 10.999999999999993]","[0.20416482010120723, 1e-06, 0.5606265725211265, 1e-06, 1e-06, 1e-06]","[0.25925999629157415, 0.11111111110273167, 0.18519820193824257, 0.22220889811775912, 0.11111111111111113, 0.11111068143858131]"
red,CP4,School,Wednesday,"[14.89787369168049, 9.608966683897261, 11.999999999999993]","[5.080075968122905, 0.8757317605614839, 1e-06]","[0.5644986613939831, 0.2504393304654852, 0.18506200814053184]"
red,CP5,Exam,Friday,"[16.99999999999996, 5.999999999999987, 8.99999999999998, 18.999999999999957]","[1e-06, 1e-06, 1e-06, 1e-06]","[0.25, 0.25, 0.25, 0.25]"
red,CP5,Exam,Monday,"[14.999999999999984, 30.999999999999932, 0.9999999999999978]","[1e-06, 1e-06, 1e-06]","[0.49999999999999967, 0.2500000000000001, 0.2500000000000001]"
red,CP5,Exam,Saturday,"[5.999999999999994, 15.999999999999964, 9.999999999999979]","[1e-06, 1e-06, 1e-06]","[0.49999999999999967, 0.2500000000000001, 0.2500000000000001]"
red,CP5,Exam,Sunday,"[0.9999999999999989, 3.999999999999991, 1.9999999999999956]","[1e-06, 1e-06, 1e-06]","[0.49999999999999967, 0.2500000000000001, 0.2500000000000001]"
red,CP5,Exam,Thursday,"[13.99999999999997, 23.999999999999947, 18.999999999999957, 15.999999999999964]","[1e-06, 1e-06, 1e-06, 1e-06]","[0.25, 0.25, 0.25, 0.25]"
red,CP5,Exam,Tuesday,"[23.999999999999947, 3.999999999999991, 15.999999999999964, 20.999999999999954]","[1e-06, 1e-06, 1e-06, 1e-06]","[0.25, 0.25, 0.25, 0.25]"
red,CP5,Exam,Wednesday,"[20.999999999999954, 9.999999999999979, 18.999999999999957, 21.99999999999995]","[1e-06, 1e-06, 1e-06, 1e-06]","[0.25, 0.25, 0.25, 0.25]"
red,CP5,Holiday,Friday,"[8.333339003609957, 15.999999999999982, 9.999999999999993, 17.99999999999998, 13.999999999999984, 11.499958736263531]","[0.22223389616766365, 1e-06, 1e-06, 1e-06, 1e-06, 0.25006470393805785]","[0.2000004130393298, 0.13333333333333336, 0.26666288109191605, 0.13333333333333336, 0.13333333233685996, 0.1333367068652275]"
red,CP5,Holiday,Monday,"[16.24995727988306, 1.9999999999999956, 11.664961071202905, 6.3352400811728025, 14.999999999999995]","[0.18755133956668144, 1e-06, 0.8968414663388783, 1.5674543625505455, 1e-06]","[0.23530053706107545, 0.05882317898216888, 0.17646791396848324, 0.17647600604816346, 0.3529323639401089]"
red,CP5,Holiday,Saturday,"[2.000000007124257, 5.999999999999993, 9.999999999999979, 7.999999999999991, 4.999999999999997, 6.999999999999985]","[0.33333435391479155, 1e-06, 1e-06, 1e-06, 1e-06, 1e-06]","[0.3750000008905239, 0.12499999999997555, 0.06250000000000008, 0.12500000000000003, 0.24999999910950046, 0.06250000000000008]"
red,CP5,Holiday,Sunday,"[1.9999999999999996, 4.999999999999989, 6.999999999999985, 2.999999999999999, 0.9999999999999989, 3.999999999999991]","[1e-06, 1e-06, 1e-06, 1e-06, 1e-06, 1e-06]","[0.4444444444444442, 0.055555555555555636, 0.055555555555555636, 0.2777777777777777, 0.11111111111111115, 0.055555555555555636]"
red,CP5,Holiday,Thursday,"[11.627496469741127, 20.190978289733117, 0.9999999999999978]","[7.198294649806083, 2.4112007216173366, 1e-06]","[0.6529482724163341, 0.28822828579953935, 0.058823441784126476]"
red,CP5,Holiday,Tuesday,"[15.249954285691441, 7.666666665975934, 12.000043962589451, 18.499957558794772, 13.999999999999984, 16.99999999999996]","[0.18755960273696196, 0.22222322260854713, 0.4001068522395071, 0.250067265142648, 1e-06, 1e-06]","[0.23530028462882233, 0.1764705878489409, 0.29412278368794703, 0.11765010276207266, 0.11763548369866329, 0.058820757373553544]"
red,CP5,Holiday,Wednesday,"[14.595321993463306, 6.400000180365707, 22.999999999999975, 18.50000000001271, 9.999999999999977, 12.512487166373601]","[0.2504494758199466, 0.6400016173903927, 1e-06, 0.2500010002283191, 1e-06, 0.27444899097958647]","[0.29407290102284056, 0.2941176617926208, 0.11764705882352947, 0.11764705880710327, 0.05882351285885186, 0.11769180669505408]"
red,CP5,School,Friday,"[14.999999999999984, 6.597864188514287, 10.031068034257535, 2.9999999999999933, 16.999999999999986, 12.499313584790219]","[1e-06, 1.5136735023161687, 0.6391843172085051, 1e-06, 1e-06, 0.2783987384872129]","[0.12499999712324553, 0.25686336949677263, 0.24662486832772776, 0.062497270598292014, 0.1875, 0.12151449445396222]"
red,CP5,School,Monday,"[8.038282477603842, 15.999999999999964, 0.9999999999999978, 11.673158110096649, 13.999999999999984]","[1.301295527472069, 1e-06, 1e-06, 0.22001810877143793, 1e-06]","[0.33755834545972485, 0.06666666666666227, 0.06666666666551077, 0.3957749920121594, 0.13333332919594276]"
red,CP5,School,Saturday,"[1.999999999999999, 7.999999999999991, 5.4999666420520645, 2.999999999999998, 3.999999999999997, 0.9999999999999978]","[1e-06, 1e-06, 0.25004556577019, 1e-06, 1e-06, 1e-06]","[0.26666666666666045, 0.13333333233769537, 0.13333630054107237, 0.19999999900369828, 0.19999703478420683, 0.06666666666666676]"
red,CP5,School,Sunday,"[3.9999999999999956, 1.9999999999999984, 7.999999999999991, 0.9999999999999992, 2.999999999999998]","[1e-06, 1e-06, 1e-06, 1e-06, 1e-06]","[0.15384615384615388, 0.23076923076923075, 0.15384615384615388, 0.23076923076923075, 0.23076923076923075]"
red,CP5,School,Thursday,"[15.999999999999988, 10.999999999999991, 8.500000018634355, 13.333288268626905, 14.99999999999999, 11.999999999999973]","[1e-06, 1e-06, 0.250001044722638, 0.2222942796661274, 1e-06, 1e-06]","[0.19999999995203904, 0.1999999969672368, 0.13333333432716368, 0.20000860430088768, 0.19999917969358486, 0.06665888475908792]"
red,CP5,School,Tuesday,"[21.999999999999954, 13.286603588016302, 0.9999999999999978, 18.25091461698995, 3.999999999999991]","[1e-06, 3.0963352699977706, 1e-06, 0.18797141622264996, 1e-06]","[0.06666666524152856, 0.537314915039729, 0.06666666666665902, 0.262685086655432, 0.06666666639665131]"
red,CP5,School,Wednesday,"[22.99999999999995, 10.999999999999975, 8.399999973151763, 18.99999307641805, 12.999978017161265, 5.999999999999986]","[1e-06, 1e-06, 0.24000107927591408, 1.000045745594061, 0.400039000586633, 1e-06]","[0.06666662192412583, 0.06666311295318185, 0.33333333758367734, 0.13333359834432382, 0.33333666670884876, 0.0666666624858424]"
red,CP5B,Exam,Friday,"[30.999999999999932, 10.999999999999975, 17.99999999999996, 25.999999999999943, 29.999999999999932]","[1e-06, 1e-06, 1e-06, 1e-06, 1e-06]","[0.2, 0.2, 0.2, 0.2, 0.2]"
red,CP5B,Exam,Monday,"[24.999999999999982, 0.9999999999999978, 25.999999999999943]","[1e-06, 1e-06, 1e-06]","[0.5999999999999996, 0.20000000000000015, 0.20000000000000015]"
red,CP5B,Exam,Saturday,"[0.9999999999999989, 9.999999999999979, 2.999999999999998]","[1e-06, 1e-06, 1e-06]","[0.3333333333333333, 0.16666666666666685, 0.4999999999999998]"
red,CP5B,Exam,Sunday,"[3.999999999999991, 0.9999999999999996, 1.9999999999999956]","[1e-06, 1e-06, 1e-06]","[0.16666666666666688, 0.6666666666666664, 0.16666666666666688]"
red,CP5B,Exam,Thursday,"[18.99999999999998, 27.99999999999994, 15.999999999999964, 20.999999999999954]","[1e-06, 1e-06, 1e-06, 1e-06]","[0.39999999999999974, 0.2000000000000001, 0.2000000000000001, 0.2000000000000001]"
red,CP5B,Exam,Tuesday,"[24.999999999999943, 0.9999999999999978, 34.99999999999992, 19.999999999999957, 21.99999999999995]","[1e-06, 1e-06, 1e-06, 1e-06, 1e-06]","[0.2, 0.2, 0.2, 0.2, 0.2]"
red,CP5B,Exam,Wednesday,"[16.99999999999996, 23.999999999999947, 29.999999999999932, 18.999999999999957, 20.999999999999954]","[1e-06, 1e-06, 1e-06, 1e-06, 1e-06]","[0.2, 0.2, 0.2, 0.2, 0.2]"
red,CP5B,Holiday,Friday,"[18.849657538335055, 31.378388675967575, 0.9999999999999978, 23.222854543208065, 5.999999999999987]","[5.002853203668443, 9.189963323919477, 1e-06, 3.9129920726796157, 1e-06]","[0.3556818702796915, 0.18611291429317378, 0.041666666666666734, 0.3748718821008878, 0.041666666659580125]"
red,CP5B,Holiday,Monday,"[21.20727191762045, 3.50009561346708, 30.51421805360858, 23.999999999999986]","[10.202492030515707, 5.2535715430452266, 2.4319153589192735, 1e-06]","[0.5070166205993655, 0.1666577718770244, 0.1597676448809442, 0.16655796264266592]"
red,CP5B,Holiday,Saturday,"[5.999999999999994, 1.9999999999999993, 3.9999999999999982, 2.9999999999999987, 0.9999999999999992, 4.999999999999995]","[1e-06, 1e-06, 1e-06, 1e-06, 1e-06, 1e-06]","[0.09523809523809527, 0.2857142857142856, 0.19047619047619044, 0.19047619047619044, 0.14285714285714288, 0.09523809523809527]"
red,CP5B,Holiday,Sunday,"[1.9999999999999996, 3.9999999999999956, 0.9999999999999997, 2.999999999999999, 4.999999999999989]","[1e-06, 1e-06, 1e-06, 1e-06, 1e-06]","[0.33333333333333326, 0.0952380952380953, 0.28571428571428564, 0.23809523809523805, 0.0476190476190477]"
red,CP5B,Holiday,Thursday,"[34.99999999999992, 23.561357679267473, 10.999999999999975, 26.999999999999986, 1.9999999999999956, 18.76243407384918]","[1e-06, 1.0537998011466614, 1e-06, 1e-06, 1e-06, 4.859749360924678]","[0.04166666666666662, 0.43652579404255826, 0.041666395282369206, 0.12499818724027532, 0.04166666666666671, 0.3134762901014639]"
red,CP5B,Holiday,Tuesday,[23.791666666666664],[44.24826488888888],[1.0]
red,CP5B,Holiday,Wednesday,"[25.08862876997074, 10.50656319398945]","[9.296192316488826, 6.358831638631871]","[0.9167725063608441, 0.08322749363915599]"
red,CP5B,School,Friday,[22.888888888888886],[53.506173839506175],[1.0]
red,CP5B,School,Monday,"[30.016341252521986, 23.204518705981254, 1.4999899284569238, 50.999999999999886]","[12.160781828527037, 23.461964963790074, 0.2500009998985637, 1e-06]","[0.39196333494853053, 0.49692894081161576, 0.0740706872086541, 0.037037037031199475]"
red,CP5B,School,Saturday,"[1.9999999999999993, 18.999999999999957, 4.999999999999997, 6.999999999999984, 5.999999999999995, 3.3332882924417073]","[1e-06, 1e-06, 1e-06, 1e-06, 1e-06, 0.2222942263790225]","[0.3809468224508309, 0.047619047619047686, 0.23809465216271525, 0.047619047619047665, 0.14285714282288517, 0.14286328732547346]"
red,CP5B,School,Sunday,"[3.9999999999999987, 1.9999999999999993, 7.999999999999982, 0.9999999999999997, 2.999999999999998, 4.999999999999995]","[1e-06, 1e-06, 1e-06, 1e-06, 1e-06, 1e-06]","[0.2272727272727272, 0.27272727272727265, 0.045454545454545525, 0.2272727272727272, 0.13636363636363638, 0.09090909090909095]"
red,CP5B,School,Thursday,"[22.752975935976085, 33.99999999999997, 8.009699385616925, 38.99999274681014, 30.004762517818897, 18.825008349495793]","[4.292386297749819, 1e-06, 4.083010228979594, 2.0000357122649657, 0.7997973976766033, 5.615953730887932]","[0.29905487013469384, 0.11111094984257812, 0.07409199171016004, 0.11111126873037515, 0.18417676284940848, 0.2204541567327843]"
red,CP5B,School,Tuesday,"[26.999998565348832, 3.999999999999991]","[33.36003191610675, 1e-06]","[0.9615385215155204, 0.03846147848447947]"
red,CP5B,School,Wednesday,[25.407407407407405],[46.83402020438957],[1.0]
red,CP6B,Exam,Friday,"[114.99999999999974, 68.99999999999984, 105.99999999999976, 79.99999999999983, 106.99999999999976]","[1e-06, 1e-06, 1e-06, 1e-06, 1e-06]","[0.2, 0.2, 0.2, 0.2, 0.2]"
red,CP6B,Exam,Monday,"[10.999999999999975, 87.9999999999998, 108.99999999999976, 125.99999999999972, 102.99999999999977]","[1e-06, 1e-06, 1e-06, 1e-06, 1e-06]","[0.2, 0.2, 0.2, 0.2, 0.2]"
red,CP6B,Exam,Saturday,"[14.999999999999966, 18.999999999999957, 10.999999999999975, 21.99999999999995, 13.99999999999997, 17.99999999999996]","[1e-06, 1e-06, 1e-06, 1e-06, 1e-06, 1e-06]","[0.16666666666666669, 0.16666666666666669, 0.16666666666666669, 0.16666666666666669, 0.16666666666666669, 0.16666666666666669]"
red,CP6B,Exam,Sunday,"[10.999999999999975, 6.999999999999992, 2.9999999999999933, 5.999999999999987, 9.999999999999979]","[1e-06, 1e-06, 1e-06, 1e-06, 1e-06]","[0.16666666666666674, 0.3333333333333331, 0.16666666666666674, 0.16666666666666674, 0.16666666666666674]"
red,CP6B,Exam,Thursday,"[118.99999999999973, 145.9999999999997, 86.9999999999998, 96.99999999999979, 115.99999999999974]","[1e-06, 1e-06, 1e-06, 1e-06, 1e-06]","[0.2, 0.2, 0.2, 0.2, 0.2]"
red,CP6B,Exam,Tuesday,"[133.99999999999972, 6.999999999999985, 117.99999999999974, 145.9999999999997, 126.99999999999972]","[1e-06, 1e-06, 1e-06, 1e-06, 1e-06]","[0.2, 0.2, 0.2, 0.2, 0.2]"
red,CP6B,Exam,Wednesday,"[125.99999999999972, 92.99999999999979, 103.99999999999977, 87.9999999999998, 129.99999999999972]","[1e-06, 1e-06, 1e-06, 1e-06, 1e-06]","[0.2, 0.2, 0.2, 0.2, 0.2]"
red,CP6B,Holiday,Friday,"[15.499623692454355, 91.54449891007263]","[12.250000858392616, 273.0418836240257]","[0.08332140145679844, 0.9166785985432016]"
red,CP6B,Holiday,Monday,"[84.1383012555476, 10.499999999999764, 142.50000000082795, 103.07396569907765, 47.99999999999989, 128.99999999999972]","[82.48130909922638, 8.250000999999383, 2.250000999999998, 27.568695697855862, 1e-06, 1e-06]","[0.26225526044285635, 0.16666666666665803, 0.08333333327592149, 0.40441141566002303, 0.04166665774164569, 0.041666666212895324]"
red,CP6B,Holiday,Saturday,"[10.42666868442034, 15.999999999999991, 13.88368884210728, 18.19996663268538, 16.999999999999986]","[1.1276478932748155, 1e-06, 0.33975477481596217, 0.1600365922810449, 1e-06]","[0.19326995958590262, 0.15384520966787604, 0.3451925234628646, 0.1923130396684161, 0.1153792676149406]"
red,CP6B,Holiday,Sunday,"[7.999999999999994, 12.99612029223872, 5.334862095024899, 15.48392729379755, 9.626195945195699, 6.999999999999997]","[1e-06, 0.3476960416386684, 0.8932302608049694, 0.27524659472367724, 0.49112082767051674, 1e-06]","[0.10711314008574598, 0.2139326653283279, 0.10720077166519706, 0.07190654556595431, 0.2855855446656838, 0.21426133268909103]"
red,CP6B,Holiday,Thursday,"[99.44071367254656, 134.34056294894705, 56.00000027511099, 19.999999999999957, 116.36508913916997, 77.99999999999982]","[23.414522198046907, 25.70693377575459, 25.000006740070717, 1e-06, 7.109018874881355, 1e-06]","[0.2951102837501032, 0.29338027852073867, 0.08333333437539356, 0.04166666666666664, 0.24484277412304098, 0.041666662564056975]"
red,CP6B,Holiday,Tuesday,[115.20833333333331],[678.6649315555554],[1.0]
red,CP6B,Holiday,Wednesday,[107.12499999999999],[610.1927093333333],[1.0]
red,CP6B,School,Friday,"[13.99999999999999, 116.61887881641923, 84.71046504760504]","[8.66666766666666, 78.79905641070468, 38.76176985041479]","[0.10714285714285719, 0.5005826732837905, 0.3922744695733522]"
red,CP6B,School,Monday,"[130.53400371728898, 9.99999999999999, 98.54493652077568]","[63.91893054530058, 1.0000009999999988, 39.94246516365504]","[0.41029826523013246, 0.07407407407407414, 0.5156276606957934]"
red,CP6B,School,Saturday,[13.999999999999998],[17.600001],[1.0]
red,CP6B,School,Sunday,"[11.0, 8.714945630315299, 13.74979525858562, 11.999999999999995]","[1e-06, 1.063521638272045, 0.6882470978101136, 1e-06]","[0.26084327252744793, 0.3044035274044838, 0.17390815854108604, 0.2608450415269822]"
red,CP6B,School,Thursday,"[118.31999989616635, 21.999999995057387]","[251.41761069218995, 1.0000009999999988]","[0.9259259269278816, 0.07407407307211847]"
red,CP6B,School,Tuesday,"[127.47999951857646, 9.499999853453327]","[374.5696549007107, 12.250000999999962]","[0.9259259297962243, 0.07407407020377568]"
red,CP6B,School,Wednesday,[121.33333333333331],[572.074075074074],[1.0]
white,CP3,Exam,Friday,"[110.99999999999976, 170.99999999999963, 88.9999999999998, 119.99999999999973, 167.99999999999963]","[1e-06, 1e-06, 1e-06, 1e-06, 1e-06]","[0.2, 0.2, 0.2, 0.2, 0.2]"
white,CP3,Exam,Monday,"[23.999999999999947, 276.9999999999994, 131.99999999999972, 96.99999999999979, 134.9999999999997]","[1e-06, 1e-06, 1e-06, 1e-06, 1e-06]","[0.2, 0.2, 0.2, 0.2, 0.2]"
white,CP3,Exam,Saturday,"[50.999999999999886, 185.99999999999957, 130.99999999999972, 209.99999999999955, 59.999999999999865, 127.99999999999972]","[1e-06, 1e-06, 1e-06, 1e-06, 1e-06, 1e-06]","[0.16666666666666669, 0.16666666666666669, 0.16666666666666669, 0.16666666666666669, 0.16666666666666669, 0.16666666666666669]"
white,CP3,Exam,Sunday,"[28.999999999999936, 796.9999999999982, 233.9999999999995, 44.9999999999999, 53.99999999999988, 27.99999999999994]","[1e-06, 1e-06, 1e-06, 1e-06, 1e-06, 1e-06]","[0.16666666666666669, 0.16666666666666669, 0.16666666666666669, 0.16666666666666669, 0.16666666666666669, 0.16666666666666669]"
white,CP3,Exam,Thursday,"[160.99999999999963, 106.99999999999976, 129.99999999999972, 148.99999999999966, 97.99999999999979]","[1e-06, 1e-06, 1e-06, 1e-06, 1e-06]","[0.2, 0.2, 0.2, 0.2, 0.2]"
white,CP3,Exam,Tuesday,"[207.99999999999955, 107.99999999999976, 245.99999999999946, 173.9999999999996, 70.99999999999984]","[1e-06, 1e-06, 1e-06, 1e-06, 1e-06]","[0.2, 0.2, 0.2, 0.2, 0.2]"
white,CP3,Exam,Wednesday,"[188.99999999999957, 85.99999999999982, 294.9999999999993, 136.9999999999997, 120.99999999999973]","[1e-06, 1e-06, 1e-06, 1e-06, 1e-06]","[0.2, 0.2, 0.2, 0.2, 0.2]"
white,CP3,Holiday,Friday,"[44.91311646154514, 329.5000000000275, 150.40019905940136, 109.0074101624935, 375.9999999999992, 69.55833283831963]","[288.9594723766943, 56.25000100126251, 54.26984070038349, 40.819047808153265, 1e-06, 36.54641238445044]","[0.1406441598482734, 0.08333333333338333, 0.20831767166186224, 0.12493427413400275, 0.041666666666616774, 0.4011038943558616]"
white,CP3,Holiday,Monday,"[70.83946590963735, 162.33333332926358, 23.55910068083656, 119.99999999999973]","[167.84997379361332, 72.22222406137564, 30.549617378334347, 1e-06]","[0.6264211248510883, 0.12499999980813294, 0.2069122443805179, 0.041666630960260784]"
white,CP3,Holiday,Saturday,"[62.75721420219657, 306.6762416354141]","[964.7904117154509, 9838.036845102413]","[0.7137586615958348, 0.2862413384041652]"
white,CP3,Holiday,Sunday,"[25.308832669988302, 425.33333333333303, 204.99999999999977, 88.77636783628401, 145.9999999999997, 42.98995566081838]","[111.16635449702898, 203.55555655555543, 64.00000100000058, 173.86181879548843, 1e-06, 52.82362063940032]","[0.31394047579791323, 0.10714285714285716, 0.0714285714285713, 0.18068674919110397, 0.035714284610947215, 0.2910870618286071]"
white,CP3,Holiday,Thursday,"[121.68482377444232, 356.9999999999992, 509.99999999999886, 249.99999999999943, 78.06268213230655]","[604.8218975608861, 1e-06, 1e-06, 1e-06, 414.44182310297964]","[0.2633254436976726, 0.041666666666666734, 0.041666666666666734, 0.04166666665468735, 0.6116745563143066]"
white,CP3,Holiday,Tuesday,"[85.22727273105217, 418.9999999999991, 244.99999999999943]","[901.5392577808736, 1e-06, 1e-06]","[0.9166666666883504, 0.04166666666666675, 0.04166666664498287]"
white,CP3,Holiday,Wednesday,"[100.69807778694798, 280.0000000028653, 371.99999999999915, 151.33936469208075, 41.99999999979246, 70.8749903491315]","[20.167798355648625, 144.000001, 1e-06, 308.30578517607455, 1.0000009999999988, 13.859387449410507]","[0.2902245986641633, 0.08333333331343175, 0.04166666666666674, 0.16811049408288614, 0.08333333328318931, 0.3333315739896629]"
white,CP3,School,Friday,[144.1428571428571],[3258.6224499795912],[1.0]
white,CP3,School,Monday,"[108.68837921746662, 197.99999768668457, 20.999999999999975, 123.42342058520376, 136.9999999999997, 167.99999999999963]","[3.6284484313566177, 60.66673238808216, 81.00000099999991, 21.84297847930363, 1e-06, 1e-06]","[0.17712321070587642, 0.11111111967894617, 0.07407407407407411, 0.5636192489720718, 0.03703531809982938, 0.03703702846920207]"
white,CP3,School,Saturday,[103.59999999999998],[3363.760000999999],[1.0]
white,CP3,School,Sunday,[91.26086956521738],[2718.9754263308128],[1.0]
white,CP3,School,Thursday,[143.99999999999997],[1566.074075074074],[1.0]
white,CP3,School,Tuesday,"[115.65393555232421, 200.71623240939164, 38.99999999999996, 141.50821433557334, 261.99999999999943]","[7.117497346859789, 171.12369294831421, 1.0000009999999988, 92.52901234204712, 1e-06]","[0.24610961434348996, 0.18553761745789565, 0.07407407407407414, 0.4572416573309795, 0.03703703679356079]"
white,CP3,School,Wednesday,"[128.87263633880903, 223.25324015690464]","[336.6926747213021, 105.66656286063188]","[0.8518846569366556, 0.14811534306334442]"
white,CP3A,Exam,Friday,"[72.99999999999984, 157.99999999999966, 116.99999999999974, 91.9999999999998, 70.99999999999984]","[1e-06, 1e-06, 1e-06, 1e-06, 1e-06]","[0.2, 0.2, 0.2, 0.2, 0.2]"
white,CP3A,Exam,Monday,"[131.99999999999972, 11.999999999999973, 72.99999999999984, 112.99999999999974, 149.99999999999966]","[1e-06, 1e-06, 1e-06, 1e-06, 1e-06]","[0.2, 0.2, 0.2, 0.2, 0.2]"
white,CP3A,Exam,Saturday,"[112.99999999999974, 153.99999999999966, 83.99999999999982, 132.99999999999972, 98.99999999999979, 123.99999999999973]","[1e-06, 1e-06, 1e-06, 1e-06, 1e-06, 1e-06]","[0.16666666666666669, 0.16666666666666669, 0.16666666666666669, 0.16666666666666669, 0.16666666666666669, 0.16666666666666669]"
white,CP3A,Exam,Sunday,"[52.99999999999988, 232.9999999999995, 84.99999999999982, 94.99999999999979, 71.99999999999984, 49.999999999999886]","[1e-06, 1e-06, 1e-06, 1e-06, 1e-06, 1e-06]","[0.16666666666666669, 0.16666666666666669, 0.16666666666666669, 0.16666666666666669, 0.16666666666666669, 0.16666666666666669]"
white,CP3A,Exam,Thursday,"[124.99999999999972, 76.99999999999983, 168.99999999999963, 91.9999999999998, 83.99999999999982]","[1e-06, 1e-06, 1e-06, 1e-06, 1e-06]","[0.2, 0.2, 0.2, 0.2, 0.2]"
white,CP3A,Exam,Tuesday,"[169.99999999999963, 100.99999999999977, 131.99999999999972, 138.9999999999997, 99.99999999999977]","[1e-06, 1e-06, 1e-06, 1e-06, 1e-06]","[0.2, 0.2, 0.2, 0.2, 0.2]"
white,CP3A,Exam,Wednesday,"[75.99999999999983, 164.99999999999963, 110.99999999999976, 126.99999999999972, 98.99999999999979]","[1e-06, 1e-06, 1e-06, 1e-06, 1e-06]","[0.2, 0.2, 0.2, 0.2, 0.2]"
white,CP3A,Holiday,Friday,"[71.6281623863026, 204.99999999999977, 92.09732195274549, 134.50177776699934, 166.99999999999963]","[21.79893989220058, 4.000000999999996, 102.8589365772297, 20.252397667164786, 1e-06]","[0.32279555777032654, 0.08333333333333341, 0.3856213885926628, 0.1665830536370108, 0.041666666666666546]"
white,CP3A,Holiday,Monday,"[74.52462975500377, 12.749999781617948, 147.99999999999966, 104.00994960886666, 48.99999999999989]","[67.51071695447853, 46.68749956662655, 1e-06, 3.9999071110001156, 1e-06]","[0.667252892391306, 0.16666666338864164, 0.041666666666666734, 0.08274776203257549, 0.04166601552080994]"
white,CP3A,Holiday,Saturday,"[117.16313608449666, 40.980605138636214, 171.3282993029121, 73.99999999999994, 98.24897830525722, 60.10951801476289]","[13.758498220393978, 16.549529831012265, 831.274830571972, 1e-06, 14.026318841138352, 24.66764431453872]","[0.1059913248961209, 0.07594410010011575, 0.24359164771654762, 0.11538380775606571, 0.2658606088649377, 0.19322851066621238]"
white,CP3A,Holiday,Sunday,[78.57142857142856],[1389.1020418163264],[1.0]
white,CP3A,Holiday,Thursday,"[112.32047141270246, 85.94990836277702, 244.99999999999946, 176.5266886875787]","[301.55485860697434, 252.84323083838035, 1e-06, 56.25281607976089]","[0.20649748864266748, 0.6688210137210449, 0.041666666666666734, 0.08301483096962106]"
white,CP3A,Holiday,Tuesday,"[79.1667325313737, 222.99999999999952, 102.52282815083612, 141.9999999999997]","[32.77793288012723, 1e-06, 72.25911985490315, 1e-06]","[0.47543302118607156, 0.04166666666666675, 0.4412336463619815, 0.041666665785280124]"
white,CP3A,Holiday,Wednesday,"[69.99999999999984, 128.51027073141134, 217.99999999999952, 108.94398249017502, 184.9999999999996, 89.64861583334995]","[1e-06, 52.60818289751059, 1e-06, 63.9938398511633, 1e-06, 42.07729257471717]","[0.04166607533998807, 0.2489544681033331, 0.041666666666666734, 0.23145454113770345, 0.041666666666666734, 0.3945915820856419]"
white,CP3A,School,Friday,"[110.24022206609658, 139.72329836206652, 206.99999999999955]","[345.67057312930467, 294.5819303117438, 1e-06]","[0.5917790093510873, 0.3725067137735765, 0.03571427687533612]"
white,CP3A,School,Monday,"[116.99991997149745, 11.999991589217473]","[447.3679925769589, 4.000000999929254]","[0.9259266375786612, 0.0740733624213388]"
white,CP3A,School,Saturday,"[87.22727646020469, 149.9999999999997, 119.7027249653759, 227.9999999999995]","[277.6390887801481, 1e-06, 12.153542981707403, 1e-06]","[0.677635169042556, 0.03999996928399241, 0.2423648616734515, 0.04000000000000006]"
white,CP3A,School,Sunday,"[89.3366706586162, 36.95834896955328, 61.25602982366562, 121.99999999999973, 12.999999999999972]","[40.59751787524364, 3.9982689449418323, 74.56100139995648, 1e-06, 1e-06]","[0.45760542078533634, 0.08396445598989945, 0.37147360166369664, 0.043478260695905026, 0.043478260865162696]"
white,CP3A,School,Thursday,[131.07407407407405],[527.8463658834017],[1.0]
white,CP3A,School,Tuesday,"[123.99997155409069, 63.99999999999993]","[384.8015253206494, 1e-06]","[0.9259263649062155, 0.07407363509378452]"
white,CP3A,School,Wednesday,[132.37037037037035],[444.15912308504795],[1.0]
white,CP4,Exam,Friday,"[125.99999999999972, 186.99999999999957, 85.99999999999982, 101.99999999999977, 121.99999999999973]","[1e-06, 1e-06, 1e-06, 1e-06, 1e-06]","[0.2, 0.2, 0.2, 0.2, 0.2]"
white,CP4,Exam,Monday,"[118.99999999999973, 187.99999999999957, 61.999999999999865, 91.9999999999998, 130.99999999999972]","[1e-06, 1e-06, 1e-06, 1e-06, 1e-06]","[0.2, 0.2, 0.2, 0.2, 0.2]"
white,CP4,Exam,Saturday,"[79.99999999999983, 158.99999999999966, 120.99999999999973, 56.99999999999987, 93.99999999999979, 97.99999999999979]","[1e-06, 1e-06, 1e-06, 1e-06, 1e-06, 1e-06]","[0.16666666666666669, 0.16666666666666669, 0.16666666666666669, 0.16666666666666669, 0.16666666666666669, 0.16666666666666669]"
white,CP4,Exam,Sunday,"[39.99999999999996, 58.999999999999936, 46.99999999999989, 53.99999999999988]","[1e-06, 1e-06, 1e-06, 1e-06]","[0.3333333333333332, 0.3333333333333332, 0.1666666666666668, 0.1666666666666668]"
white,CP4,Exam,Thursday,"[76.99999999999983, 202.99999999999955, 126.99999999999972, 106.99999999999976, 97.99999999999979]","[1e-06, 1e-06, 1e-06, 1e-06, 1e-06]","[0.2, 0.2, 0.2, 0.2, 0.2]"
white,CP4,Exam,Tuesday,"[69.99999999999984, 207.99999999999955, 97.99999999999979, 84.99999999999982, 107.99999999999976]","[1e-06, 1e-06, 1e-06, 1e-06, 1e-06]","[0.2, 0.2, 0.2, 0.2, 0.2]"
white,CP4,Exam,Wednesday,"[89.9999999999998, 137.9999999999997, 192.99999999999957, 123.99999999999973, 94.99999999999979]","[1e-06, 1e-06, 1e-06, 1e-06, 1e-06]","[0.2, 0.2, 0.2, 0.2, 0.2]"
white,CP4,Holiday,Friday,"[55.930175982450365, 92.68236936434285, 168.99999999999963, 19.999999999999957, 125.99999999999972, 34.21039940075322]","[100.04623081407672, 54.490961819959985, 1e-06, 1e-06, 1e-06, 3.1833754140323003]","[0.37107135673177905, 0.34785293533539635, 0.04166666666666675, 0.0416666154584024, 0.041666664261438946, 0.15607576154631664]"
white,CP4,Holiday,Monday,"[91.75909393173781, 44.98014199987425, 170.99999999999963]","[68.83450036061761, 211.02321586306437, 1e-06]","[0.2931798643694541, 0.6633418747609806, 0.043478260869565306]"
white,CP4,Holiday,Saturday,"[87.16696919793566, 32.83702842365293, 133.49999999999986, 192.99999999999957, 104.99999999999977, 51.036334482474544]","[11.472565787979665, 9.27097887916713, 2.2500009999999975, 1e-06, 1e-06, 69.18197577899083]","[0.2307422617900427, 0.31395498050412585, 0.07692307692307696, 0.03846153846153852, 0.03846153839636346, 0.3014566039248524]"
white,CP4,Holiday,Sunday,"[18.416662726199263, 271.9999999999994, 86.07513587281359, 144.99999999999966, 54.000465530066265]","[12.743040307876523, 1e-06, 161.55162103748984, 1e-06, 28.64462050766364]","[0.44444413921273945, 0.0370370370370371, 0.23093531759394637, 0.037037036718266046, 0.2505464694380109]"
white,CP4,Holiday,Thursday,"[85.25596683675778, 128.99999999999972, 66.75949283209029, 183.9999999999996, 45.114185182530974]","[92.31089960024953, 1e-06, 40.95116562326838, 1e-06, 29.46956250165526]","[0.3723522434371895, 0.04166666544363569, 0.1535412640573877, 0.041666666666666734, 0.39077316039512033]"
white,CP4,Holiday,Tuesday,"[98.19255495919641, 42.69115767301229, 176.9999999999996, 79.66813721034711, 138.99962335264524]","[10.83919665208992, 97.12430139243946, 1e-06, 19.805402941179214, 64.01303389993762]","[0.20784230302441906, 0.459109004606647, 0.04166666653508104, 0.20804782793418458, 0.08333419789966826]"
white,CP4,Holiday,Wednesday,"[46.493958685741575, 94.7679927363217, 228.9999999999995, 164.99999999999963]","[126.42743566909569, 213.9224010836857, 1e-06, 1e-06]","[0.4590941505052847, 0.45757251646106417, 0.04166666666666674, 0.041666666366984295]"
white,CP4,School,Friday,[134.07142857142856],[1400.8520418163266],[1.0]
white,CP4,School,Monday,[130.07407407407405],[1528.7352547722908],[1.0]
white,CP4,School,Saturday,[95.39999999999999],[2265.7600009999996],[1.0]
white,CP4,School,Sunday,[59.8695652173913],[304.9829877674858],[1.0]
white,CP4,School,Thursday,[139.18518518518516],[968.2990407805211],[1.0]
white,CP4,School,Tuesday,[136.37037037037035],[1524.0109749368996],[1.0]
white,CP4,School,Wednesday,[144.25925925925924],[1093.2290819327848],[1.0]
white,CP5,Exam,Friday,"[81.99999999999982, 144.9999999999997, 109.99999999999976, 74.99999999999983]","[1e-06, 1e-06, 1e-06, 1e-06]","[0.25, 0.25, 0.25, 0.25]"
white,CP5,Exam,Monday,"[193.99999999999957, 37.999999999999915, 106.99999999999976, 233.9999999999995]","[1e-06, 1e-06, 1e-06, 1e-06]","[0.25, 0.25, 0.25, 0.25]"
white,CP5,Exam,Saturday,"[140.9999999999997, 244.99999999999946, 155.99999999999966, 137.9999999999997]","[1e-06, 1e-06, 1e-06, 1e-06]","[0.25, 0.25, 0.25, 0.25]"
white,CP5,Exam,Sunday,"[35.99999999999992, 55.99999999999988, 42.99999999999991, 32.99999999999993]","[1e-06, 1e-06, 1e-06, 1e-06]","[0.25, 0.25, 0.25, 0.25]"
white,CP5,Exam,Thursday,"[120.99999999999973, 248.99999999999946, 78.99999999999983, 121.99999999999973]","[1e-06, 1e-06, 1e-06, 1e-06]","[0.25, 0.25, 0.25, 0.25]"
white,CP5,Exam,Tuesday,"[188.99999999999957, 34.99999999999992, 137.9999999999997, 212.99999999999952]","[1e-06, 1e-06, 1e-06, 1e-06]","[0.25, 0.25, 0.25, 0.25]"
white,CP5,Exam,Wednesday,"[119.99999999999973, 246.99999999999946, 179.9999999999996, 120.99999999999973]","[1e-06, 1e-06, 1e-06, 1e-06]","[0.25, 0.25, 0.25, 0.25]"
white,CP5,Holiday,Friday,"[90.31138989943821, 136.50318429151312, 2.4999999999999973]","[96.97041404429243, 30.25081735160665, 0.2500009999999997]","[0.764775206195666, 0.11757773498080447, 0.1176470588235295]"
white,CP5,Holiday,Monday,[89.70588235294116],[696.3252605155708],[1.0]
white,CP5,Holiday,Saturday,"[316.9999999999993, 83.09877453762338, 163.00002521158473, 107.9205306804179, 62.999999999999865]","[1e-06, 27.321020161920785, 4.000000999364372, 144.33682143507292, 1e-06]","[0.06250000000000008, 0.473486674899533, 0.12499756982715679, 0.2765158325686813, 0.06249992270462881]"
white,CP5,Holiday,Sunday,"[157.9999999999088, 49.826608109614035, 104.79513081832594, 84.27827473320532, 1.9999999999999956, 145.9999999999997]","[4.000001001066099, 63.65441532508633, 45.996755021653705, 28.327136722007477, 1e-06, 1e-06]","[0.10526315789551871, 0.26340043449632267, 0.20841136637820948, 0.3176618833368136, 0.052631578946849555, 0.052631578946286145]"
white,CP5,Holiday,Thursday,"[55.99999999999987, 107.66721699491636, 172.9999999999996, 82.81957377988287, 8.99999999999998]","[1e-06, 6.222173430729577, 1e-06, 28.90550049961918, 1e-06]","[0.05882352893653505, 0.17643043108286455, 0.05882352941176479, 0.6470989811570707, 0.05882352941176479]"
white,CP5,Holiday,Tuesday,"[77.34560344792335, 112.22500520677792, 147.99999999999966]","[85.9992472722775, 20.58270291639766, 1e-06]","[0.6486216268465193, 0.2925548437417159, 0.0588235294117648]"
white,CP5,Holiday,Wednesday,"[103.0974604422558, 150.99999999999966, 62.99999999999986, 125.99999999999972, 79.49962114860111, 118.0079557059692]","[29.724934853448026, 1e-06, 1e-06, 1e-06, 2.250000856472022, 0.6633434077537502]","[0.5330556875647969, 0.05882352941176479, 0.05882352941176463, 0.058823515030505445, 0.11761130741029469, 0.1728624311708735]"
white,CP5,School,Friday,"[151.22636610623186, 36.999999999999915, 108.0060348350605, 193.99999999999957, 215.99999999999952, 174.78164947675117]","[78.14991346014142, 1e-06, 62.894776810791626, 1e-06, 1e-06, 13.475580581777061]","[0.318823319538263, 0.06250000000000008, 0.24990584731329013, 0.06249999968209963, 0.06250000000000003, 0.24377083346634712]"
white,CP5,School,Monday,"[169.39800340745626, 91.49999999999397, 47.99999999999989, 121.99943426889214]","[114.12459861853056, 2.2500009999999975, 1e-06, 9.000000679948302]","[0.6666963403997707, 0.13333333333265018, 0.06666666666666678, 0.13330365960091242]"
white,CP5,School,Saturday,"[75.31916969752933, 298.9999999999993, 132.4028477828611, 225.9999999999995, 102.19742758434529, 52.99999999999988]","[16.958908881950943, 1e-06, 19.445553883311938, 1e-06, 52.254113088709616, 1e-06]","[0.19915712714418055, 0.06666666666666675, 0.3331097914032237, 0.06666666666666675, 0.2677330814728149, 0.06666666664644737]"
white,CP5,School,Sunday,"[118.93785595820715, 56.98888299406492, 204.99999999999955]","[188.86851251233043, 103.52895793609301, 1e-06]","[0.46208427835601246, 0.4609926447210107, 0.07692307692297692]"
white,CP5,School,Thursday,"[150.11712230179913, 79.00000013247013, 182.87529395298492, 110.99999999999976, 215.99999999999952]","[43.05038977050283, 49.00000503620184, 58.8331517203529, 1e-06, 1e-06]","[0.5324437012493896, 0.13333333388529262, 0.2008896342645635, 0.06666666611314924, 0.06666666448760507]"
white,CP5,School,Tuesday,"[144.3329846981077, 250.99999999999943, 26.99999999999994, 97.66659909651015, 186.9999999999996]","[91.57014512086612, 1e-06, 1e-06, 8.222179619470666, 1e-06]","[0.6000047778524176, 0.06666666666666678, 0.06666666666666678, 0.19999522516925844, 0.06666666364499042]"
white,CP5,School,Wednesday,"[171.6666674373017, 225.6666666666443, 133.3333333333332, 106.99999999999976, 190.99999999999957, 148.99999999999966]","[21.88890546195179, 30.888889889639074, 1.5555565555555304, 1e-06, 1e-06, 1e-06]","[0.4000000174301104, 0.2000000000001281, 0.19999999999999593, 0.06666666666666676, 0.06666664992042859, 0.06666666598267035]"
white,CP5B,Exam,Friday,"[5.999999999999987, 39.999999999999915, 11.999999999999973, 8.99999999999998, 13.99999999999997]","[1e-06, 1e-06, 1e-06, 1e-06, 1e-06]","[0.2, 0.2, 0.2, 0.2, 0.2]"
white,CP5B,Exam,Monday,"[18.999999999999957, 65.99999999999986, 4.999999999999989, 12.999999999999972, 16.99999999999996]","[1e-06, 1e-06, 1e-06, 1e-06, 1e-06]","[0.2, 0.2, 0.2, 0.2, 0.2]"
white,CP5B,Exam,Saturday,"[12.999999999999972, 50.999999999999886, 17.99999999999996, 9.999999999999979, 11.999999999999973, 13.99999999999997]","[1e-06, 1e-06, 1e-06, 1e-06, 1e-06, 1e-06]","[0.16666666666666669, 0.16666666666666669, 0.16666666666666669, 0.16666666666666669, 0.16666666666666669, 0.16666666666666669]"
white,CP5B,Exam,Sunday,"[7.999999999999982, 15.999999999999982, 25.999999999999943, 9.999999999999979, 8.99999999999998]","[1e-06, 1e-06, 1e-06, 1e-06, 1e-06]","[0.16666666666666674, 0.3333333333333331, 0.16666666666666674, 0.16666666666666674, 0.16666666666666674]"
white,CP5B,Exam,Thursday,"[16.99999999999996, 52.99999999999988, 8.99999999999998, 19.999999999999957, 9.999999999999979]","[1e-06, 1e-06, 1e-06, 1e-06, 1e-06]","[0.2, 0.2, 0.2, 0.2, 0.2]"
white,CP5B,Exam,Tuesday,"[11.999999999999973, 42.99999999999991, 20.999999999999954, 7.999999999999982, 10.999999999999975]","[1e-06, 1e-06, 1e-06, 1e-06, 1e-06]","[0.2, 0.2, 0.2, 0.2, 0.2]"
white,CP5B,Exam,Wednesday,"[14.999999999999966, 39.999999999999915, 5.999999999999987, 9.999999999999979, 13.99999999999997]","[1e-06, 1e-06, 1e-06, 1e-06, 1e-06]","[0.2, 0.2, 0.2, 0.2, 0.2]"
white,CP5B,Holiday,Friday,"[19.35327126887168, 8.576627053125568, 29.999999999999932, 14.233885397616714, 24.999999999999943, 2.9999999999999933]","[0.8888120215305776, 0.6186235326300151, 1e-06, 2.286865145879752, 1e-06, 1e-06]","[0.25584694755487447, 0.21367417844382988, 0.043478260869565286, 0.400044091397137, 0.04347826086503185, 0.04347826086956143]"
white,CP5B,Holiday,Monday,"[10.277265399806312, 27.31014956358359]","[14.49794305446061, 14.90322914102556]","[0.8425946006708206, 0.1574053993291794]"
white,CP5B,Holiday,Saturday,"[6.873047352308823, 88.9999999999998, 19.266971102656807, 37.999999999999915]","[7.7699418067282355, 1e-06, 10.08960048817848, 1e-06]","[0.6994969439582649, 0.038461538461538526, 0.22357997912120167, 0.03846153845899483]"
white,CP5B,Holiday,Sunday,"[15.19622722495304, 62.500000776869264, 33.99999999999993, 10.220667480869764, 76.99999999999983, 3.9999999999999956]","[6.007480913411103, 12.250011608284026, 1e-06, 2.540413147172405, 1e-06, 1e-06]","[0.4865707327570436, 0.07407407804275544, 0.03703703703703708, 0.2912071381198811, 0.03703703306835576, 0.07407398097492693]"
white,CP5B,Holiday,Thursday,"[8.22266765931299, 24.99999999999997, 14.518262407779824, 31.99999999999993, 0.9999999999999978, 21.500003037300285]","[2.7132791126523395, 1e-06, 1.7291105486445393, 1e-06, 1e-06, 0.25000099999132414]","[0.37280464127205226, 0.08333333333332955, 0.3771958966976138, 0.04166666666666673, 0.04166665176498499, 0.08333281026535266]"
white,CP5B,Holiday,Tuesday,"[10.817893125229377, 23.637905338286984]","[8.4947696122944, 11.944315345932484]","[0.7225348294795233, 0.27746517052047664]"
white,CP5B,Holiday,Wednesday,[14.45833333333333],[51.49826488888888],[1.0]
white,CP5B,School,Friday,[20.14285714285714],[125.76530712244896],[1.0]
white,CP5B,School,Monday,"[6.27340035611497, 17.183708669725707, 40.99999999999991, 11.467475133392194, 26.999999999999943]","[2.845268892757277, 2.5501674431529544, 1e-06, 0.8984432672975586, 1e-06]","[0.26783776933277054, 0.3361103088476349, 0.037037037037037104, 0.3219778477467617, 0.037037037035795826]"
white,CP5B,School,Saturday,"[8.340955264312576, 36.28527002251487, 72.99999999999984, 58.99999999999987, 15.505271845942016]","[4.225579340494428, 33.187095625637774, 1e-06, 1e-06, 9.941634006259633]","[0.6183752700322104, 0.08110618408808422, 0.03999999999997941, 0.03999999413806447, 0.22051855174166154]"
white,CP5B,School,Sunday,[17.304347826086953],[112.47259079206046],[1.0]
white,CP5B,School,Thursday,"[14.699168394774464, 32.205339861466584]","[17.896336576070077, 24.56013716946517]","[0.8199101692179928, 0.1800898307820072]"
white,CP5B,School,Tuesday,[17.185185185185183],[64.66941115089162],[1.0]
white,CP5B,School,Wednesday,[17.037037037037035],[40.998629257887515],[1.0]
white,CP6B,Exam,Friday,"[95.99999999999979, 57.99999999999987, 74.99999999999983, 81.99999999999982, 94.99999999999979]","[1e-06, 1e-06, 1e-06, 1e-06, 1e-06]","[0.2, 0.2, 0.2, 0.2, 0.2]"
white,CP6B,Exam,Monday,"[41.99999999999991, 67.99999999999984, 82.99999999999982, 60.999999999999865, 79.99999999999983]","[1e-06, 1e-06, 1e-06, 1e-06, 1e-06]","[0.2, 0.2, 0.2, 0.2, 0.2]"
white,CP6B,Exam,Saturday,"[78.99999999999983, 61.999999999999865, 92.99999999999979, 51.999999999999886, 74.99999999999983, 60.999999999999865]","[1e-06, 1e-06, 1e-06, 1e-06, 1e-06, 1e-06]","[0.16666666666666669, 0.16666666666666669, 0.16666666666666669, 0.16666666666666669, 0.16666666666666669, 0.16666666666666669]"
white,CP6B,Exam,Sunday,"[61.999999999999865, 39.999999999999915, 82.99999999999982, 70.99999999999984, 46.99999999999989, 58.99999999999987]","[1e-06, 1e-06, 1e-06, 1e-06, 1e-06, 1e-06]","[0.16666666666666669, 0.16666666666666669, 0.16666666666666669, 0.16666666666666669, 0.16666666666666669, 0.16666666666666669]"
white,CP6B,Exam,Thursday,"[127.99999999999972, 101.99999999999977, 83.99999999999982, 98.99999999999979, 102.99999999999977]","[1e-06, 1e-06, 1e-06, 1e-06, 1e-06]","[0.2, 0.2, 0.2, 0.2, 0.2]"
white,CP6B,Exam,Tuesday,"[91.9999999999998, 41.99999999999991, 87.9999999999999, 90.9999999999998]","[1e-06, 1e-06, 1e-06, 1e-06]","[0.2000000000000001, 0.2000000000000001, 0.39999999999999974, 0.2000000000000001]"
white,CP6B,Exam,Wednesday,"[82.99999999999982, 61.999999999999865, 84.99999999999982, 83.99999999999982, 85.99999999999982]","[1e-06, 1e-06, 1e-06, 1e-06, 1e-06]","[0.2, 0.2, 0.2, 0.2, 0.2]"
white,CP6B,Holiday,Friday,[78.70833333333333],[264.2065982222222],[1.0]
white,CP6B,Holiday,Monday,[77.79166666666666],[453.9149315555556],[1.0]
white,CP6B,Holiday,Saturday,[75.30769230769229],[407.3668649053254],[1.0]
white,CP6B,Holiday,Sunday,"[68.07656538603976, 280.9999999999994, 104.07961104070944, 214.99999999999952, 39.91143233985135, 164.99999999999963]","[14.249325309854695, 1e-06, 176.11856207720967, 1e-06, 51.42501404795838, 1e-06]","[0.3490715504290999, 0.035714285714285775, 0.2576533459796919, 0.035714285714285775, 0.2861322468837994, 0.03571428527883729]"
white,CP6B,Holiday,Thursday,[89.87499999999999],[110.02604266666665],[1.0]
white,CP6B,Holiday,Tuesday,"[87.23534406655162, 76.09014941516826, 109.99999999999976, 64.99999999999993]","[20.000523289632998, 4.570279441187554, 1e-06, 1e-06]","[0.561179305711728, 0.31382069509247645, 0.04166666643682124, 0.08333333275897437]"
white,CP6B,Holiday,Wednesday,"[63.99999999999986, 89.9999999999998, 76.49998706718264, 95.66130505002177, 84.65888171158782, 70.99999999999993]","[1e-06, 1e-06, 0.7499880671084991, 10.349988849098112, 1.8898452289383405, 1e-06]","[0.041666666666666734, 0.041639177804813104, 0.16666522832374317, 0.418321427211075, 0.2483741666607043, 0.08333333333299768]"
white,CP6B,School,Friday,"[43.999627225657285, 92.23910796542911]","[5.999676275649691, 110.86127785259328]","[0.10712551865716885, 0.8928744813428312]"
white,CP6B,School,Monday,"[114.38154819778829, 40.99999999999991, 75.78928997166379, 95.72083888667457, 19.999999999999957]","[50.57642426817128, 1e-06, 42.18320824356406, 9.863254277072047, 1e-06]","[0.23065335319421165, 0.0370370370095638, 0.3014635567631973, 0.3938090159959901, 0.037037037037037104]"
white,CP6B,School,Saturday,[80.15999999999998],[535.174401],[1.0]
white,CP6B,School,Sunday,"[44.99844539995793, 78.96527718917051, 93.75260126180368, 112.99999999999974, 17.99999999999996, 61.05310196058314]","[2.0015531832608033, 16.042122435114784, 8.47006166480079, 1e-06, 1e-06, 23.913166360746796]","[0.13011904230574095, 0.40291165935718254, 0.2552102387543605, 0.04347826086953224, 0.04347826086956528, 0.12480253784361828]"
white,CP6B,School,Thursday,[100.37037037037035],[298.233197159122],[1.0]
white,CP6B,School,Tuesday,"[78.99999999999983, 99.27536177863034, 19.999999999999957, 115.0754352437602, 133.99999999999972, 87.53212943864607]","[1e-06, 8.564905357098715, 1e-06, 17.028011678352144, 1e-06, 5.361850085040071]","[0.037036946820023564, 0.5205310209000608, 0.0370370370370371, 0.18716051705605466, 0.037037035982921684, 0.18119744220390205]"
white,CP6B,School,Wednesday,"[136.9999999999997, 106.17326482940969, 91.43127413529132, 60.99999999999986]","[1e-06, 23.85257558349211, 28.16521360204103, 1e-06]","[0.0370370370368058, 0.6035120071464196, 0.3224139187836169, 0.03703703703315759]"
